Sub-Category,Sum of Sales,Sum of Profit,Sum of Quantity
Chairs,335768.249,27223.5323,2431
Phones,331842.64,45050.8265,3357
Storage,224644.554,21285.1115,3191
Tables,208020.182,-17753.2061,1261
Binders,207354.881,31426.1003,6071
Machines,189925.031,3461.9769,442
Accessories,167380.318,41936.6357,2976
Copiers,150745.29,56093.9365,242
Bookcases,115361.2043,-3632.0736,878
Appliances,108213.185,18329.4844,1750
Furnishings,95598.126,13891.743,3799
Paper,79540.538,34511.507,5207
Supplies,46725.498,-1171.3945,653
Art,27659.014,6653.1962,3092
Envelopes,16528.362,6988.0247,914
Labels,12695.042,5572.778,1410
Fasteners,8532.24,2428.6358,980
